Model,Jenis Ringkasan,Output
gp,a,"Seseorang di usia 30-an didiagnosis diabetes akibat gaya hidup modern seperti konsumsi minuman manis berlebihan; penyebabnya adalah asupan gula tinggi yang memicu resistensi insulin; gejala yang muncul antara lain mudah lelah, sering haus, dan berat badan turun drastis; pencegahan dapat dilakukan dengan mengurangi gula, rutin berolahraga, dan memperbanyak serat; perubahan gaya hidup secara bertahap dan konsisten adalah kunci utama untuk mencegah diabetes."
gp,b,"Percakapan ini menyoroti bahaya diabetes di usia muda yang dipicu oleh gaya hidup modern, terutama konsumsi minuman manis berlebihan. Gejala seperti kelelahan dan penurunan berat badan menjadi tanda peringatan. Solusi utamanya adalah pencegahan melalui perubahan kebiasaan sehat secara bertahap, seperti mengurangi gula, rutin berolahraga, dan meningkatkan asupan serat."
cgpt,a,"Teman Speaker 1 berusia 30-an didiagnosis diabetes; Penyebabnya kebiasaan konsumsi minuman manis seperti kopi kekinian dan soda; Gejalanya antara lain mudah lelah, sering haus, dan penurunan berat badan drastis; Pencegahan dilakukan dengan mengurangi gula tambahan, minum air putih, olahraga rutin, serta makan buah dan sayur; Perubahan gaya hidup sebaiknya dilakukan bertahap agar konsisten dan lebih murah dibanding biaya pengobatan."
cgpt,b,"Seorang teman berusia 30-an didiagnosis diabetes akibat kebiasaan sering minum minuman manis. Gejala yang muncul antara lain mudah lelah, sering haus, dan turun berat badan drastis. Untuk mencegahnya, disarankan mengurangi gula tambahan, lebih banyak minum air putih, rutin olahraga, dan makan serat dari buah serta sayur. Perubahan gaya hidup kecil namun konsisten dinilai lebih efektif daripada diet ekstrem atau menunggu sakit."
qw,a,"Teman Speaker 1 didiagnosis diabetes di usia 30-an karena konsumsi minuman manis harian; gejala yang muncul meliputi cepat lelah, sering haus, dan penurunan berat badan drastis; konsumsi gula tambahan berlebihan menyebabkan resistensi insulin; pencegahan diabetes bisa dilakukan dengan mengurangi gula tambahan, minum air putih, olahraga rutin, dan perbanyak serat; perubahan gaya hidup sebaiknya dilakukan secara bertahap agar berkelanjutan."
qw,b,"Seorang teman Speaker 1 didiagnosis diabetes di usia muda akibat kebiasaan mengonsumsi minuman manis setiap hari. Gejala seperti cepat lelah, sering haus, dan penurunan berat badan membuatnya memeriksakan diri dan menemukan kadar gula darah tinggi. Mereka sepakat bahwa pencegahan melalui pola makan sehat, olahraga rutin, dan pengurangan gula tambahan jauh lebih baik daripada mengobati penyakit di kemudian hari. Perubahan gaya hidup sebaiknya dilakukan secara perlahan namun konsisten untuk hasil yang berkelanjutan."
ds,a,"Seorang teman berusia 30-an didiagnosis diabetes; Penyebabnya adalah kebiasaan minum kopi kekinian dan soda setiap hari yang tinggi gula tambahan; Gejala yang dialami adalah mudah lelah, sering haus, dan penurunan berat badan drastis; Solusi yang disarankan adalah mengurangi gula, minum air putih, olahraga rutin, dan memperbanyak serat; Kunci pencegahan adalah mengubah kebiasaan secara bertahap dan konsisten."
ds,b,"Percakapan ini membahas seorang teman yang didiagnosis diabetes di usia 30-an akibat kebiasaan mengonsumsi minuman manis. Dibahas pula gejala yang dialami serta langkah pencegahan seperti mengurangi gula dan menerapkan gaya hidup aktif. Intinya, mencegah diabetes dapat dilakukan dengan perubahan kebiasaan kecil yang konsisten, yang lebih baik daripada mengobati."