Model,Jenis Ringkasan,Output
gp,a,Seseorang mencari rekomendasi tablet baru dengan budget maksimal 2 juta rupiah; fokus utama adalah memori yang besar (RAM dan storage) untuk kebutuhan kerja dan aplikasi; direkomendasikan merek Advan atau Xiaomi dengan spesifikasi RAM 4GB dan storage minimal 64GB; tablet dengan spesifikasi tersebut dianggap cukup untuk produktivitas harian seperti browsing dan meeting online.
gp,b,"Percakapan ini membahas tentang pencarian tablet dengan anggaran di bawah 2 juta rupiah yang cocok untuk kebutuhan kerja. Rekomendasi yang diberikan adalah tablet dari merek Advan atau Xiaomi dengan RAM 4GB dan penyimpanan 64GB, yang dinilai memadai untuk tugas-tugas produktivitas ringan. Pembeli juga disarankan untuk memeriksa ulasan pengguna sebelum membuat keputusan akhir."
cgpt,a,"Speaker 1 mencari tablet baru dengan budget maksimal 2 juta; Speaker 2 menyarankan merek lokal seperti Advan atau Xiaomi seri tertentu yang kadang diskon; Kriteria utama adalah RAM besar dan storage minimal 64GB untuk kebutuhan aplikasi dan file kerja; Tablet di bawah 2 juta cocok untuk browsing, nonton, dan meeting online, tapi tidak untuk game berat; Speaker 2 menyarankan cek review pengguna di marketplace sebelum membeli."
cgpt,b,"Seorang pembeli ingin mencari tablet baru dengan harga maksimal 2 juta dan memprioritaskan memori besar untuk aplikasi serta penyimpanan file. Temannya merekomendasikan Advan atau Xiaomi yang kadang dijual diskon dengan RAM 4GB dan storage 64GB. Tablet ini dinilai cukup untuk aktivitas harian seperti browsing, menonton, dan meeting online, meski tidak cocok untuk game berat. Sebelum membeli, disarankan membaca review pengguna agar lebih yakin."
qw,a,"Speaker 1 mencari tablet dengan budget maksimal 2 juta rupiah; Speaker 2 merekomendasikan merek lokal dan Cina seperti Advan Tab atau Xiaomi yang memiliki RAM 4GB dan storage 64GB; Speaker 1 memprioritaskan memori besar untuk menyimpan file kerjaan dan menginstal aplikasi; Performa tablet tersebut cukup untuk aktivitas produktivitas harian seperti browsing, nonton film, dan meeting online, tapi tidak untuk game berat; Speaker 1 berencana membeli di marketplace setelah memeriksa spesifikasi dan ulasan pengguna."
qw,b,"Speaker 1 ingin membeli tablet dengan budget maksimal 2 juta rupiah dan membutuhkan memori besar untuk keperluan kerja. Speaker 2 menyarankan merek seperti Advan Tab atau Xiaomi yang menawarkan RAM 4GB dan storage 64GB, cukup untuk aktivitas harian meski tidak cocok untuk gaming berat. Sebelum membeli, Speaker 1 diminta memeriksa ulasan pengguna untuk memastikan kualitasnya."
ds,a,"Speaker 1 mencari tablet baru dengan budget maksimal 2 juta rupiah; Kebutuhan utama Speaker 1 adalah memori yang lega untuk aplikasi dan file kerja; Speaker 2 merekomendasikan Advan Tab atau seri Xiaomi yang diskon; Spesifikasi yang disarankan adalah RAM 4GB dan storage 64GB dengan harga di bawah 2 juta; Performa tablet tersebut cukup untuk multitasking ringan seperti browsing, menonton film, dan meeting online."
ds,b,"Speaker 1 sedang mencari tablet dengan budget terbatas hingga Rp 2 juta yang memiliki memori besar untuk keperluan kerja. Speaker 2 merekomendasikan merek seperti Advan atau Xiaomi dengan spesifikasi RAM 4GB dan storage 64GB yang harganya sesuai budget. Performa tablet tersebut dianggap memadai untuk produktivitas harian seperti browsing dan meeting, namun tidak untuk game berat. Speaker 1 berencana untuk mengecek dan membeli tablet dengan spesifikasi tersebut di marketplace."