Model,Jenis Ringkasan,Output
gp,a,Kementerian Keuangan Indonesia menerapkan kebijakan untuk stabilitas dan pemulihan ekonomi; salah satu langkahnya adalah penyaluran dana sekitar 200 triliun rupiah kepada Himbara (Himpunan Bank Milik Negara); tujuannya adalah untuk menjaga kepercayaan pasar dan memperkuat likuiditas perbankan; penguatan ini diharapkan dapat melancarkan penyaluran kredit ke UMKM; strategi ini merupakan kombinasi kebijakan fiskal dan dukungan perbankan untuk menjaga pertumbuhan ekonomi di tengah ketidakpastian global.
gp,b,"Percakapan tersebut membahas strategi pemerintah Indonesia dalam menjaga stabilitas ekonomi melalui kebijakan fiskal dan dukungan nyata pada sektor perbankan. Salah satu langkah utamanya adalah menyalurkan dana dalam jumlah besar kepada bank-bank milik negara (Himbara). Hal ini bertujuan untuk memastikan likuiditas perbankan tetap kuat sehingga penyaluran kredit, terutama ke sektor UMKM, berjalan lancar demi menopang pertumbuhan ekonomi nasional."
cgpt,a,"Kementerian Keuangan Indonesia fokus pada stabilitas ekonomi dan pemulihan; Purbaya Yudhi Sadewa menekankan pentingnya menjaga kepercayaan pasar untuk mencegah gejolak keuangan; IHSG sempat berfluktuasi tetapi tetap positif berkat kebijakan fiskal dan dukungan pemerintah; pemerintah menyalurkan sekitar Rp200 triliun ke Himbara untuk memperkuat likuiditas perbankan dan penyaluran kredit UMKM; strategi utama pemerintah adalah kombinasi kebijakan fiskal, dukungan perbankan, dan pengawasan pasar modal."
cgpt,b,"Pemerintah Indonesia melalui Kementerian Keuangan menekankan stabilitas ekonomi dengan kombinasi kebijakan fiskal, dukungan perbankan, dan pengawasan pasar modal. Purbaya Yudhi Sadewa menegaskan pentingnya menjaga kepercayaan pasar agar sektor keuangan tetap stabil. Penyaluran dana Rp200 triliun ke Himbara diharapkan memperkuat likuiditas dan penyaluran kredit ke UMKM, sehingga pertumbuhan ekonomi tetap terjaga di tengah ketidakpastian global."
qw,a,"Kementerian Keuangan Indonesia fokus pada stabilitas ekonomi dan pemulihan; Purbaya Yudhi Sadewa menekankan pentingnya menjaga kepercayaan pasar untuk hindari gejolak keuangan; IHSG sempat berfluktuasi namun tetap positif berkat kebijakan fiskal dan dukungan pemerintah; Pemerintah menyalurkan dana Rp200 triliun ke Himbara untuk perkuat likuiditas perbankan dan lancarkan kredit ke UMKM; Strategi pemerintah mengandalkan kombinasi kebijakan fiskal, dukungan perbankan, dan pengawasan pasar modal demi menjaga pertumbuhan ekonomi di tengah ketidakpastian global."
qw,b,"Pemerintah Indonesia, melalui Kementerian Keuangan, menerapkan strategi yang menggabungkan kebijakan fiskal, dukungan likuiditas perbankan, dan pengawasan pasar modal untuk menjaga stabilitas ekonomi. Langkah nyata termasuk penyaluran dana Rp200 triliun ke Himbara guna memperkuat penyaluran kredit ke UMKM. Upaya ini bertujuan mempertahankan pertumbuhan ekonomi meski menghadapi ketidakpastian global, dengan tetap menjaga kepercayaan pasar dan stabilitas IHSG."
ds,a,Kementerian Keuangan Indonesia fokus pada stabilitas ekonomi dan dukungan pemulihan; Purbaya Yudhi Sadewa menekankan pentingnya menjaga kepercayaan pasar untuk menghindari gejolak; IHSG sempat berfluktuasi tetapi tetap positif didukung kebijakan fiskal; Pemerintah menyalurkan dana sekitar 200 triliun rupiah ke Himbara; Tujuannya untuk memperkuat likuiditas perbankan dan memperlancar penyaluran kredit ke UMKM.
ds,b,"Pemerintah Indonesia melalui Kementerian Keuangan berfokus pada strategi menjaga stabilitas ekonomi dan mendukung pemulihan di tengah ketidakpastian global. Langkah nyatanya termasuk menyalurkan dana besar ke perbankan (Himbara) untuk memperkuat likuiditas dan mendukung penyaluran kredit ke sektor produktif seperti UMKM. Kombinasi kebijakan fiskal, dukungan perbankan, dan pengawasan pasar modal menjadi strategi utama untuk menjaga pertumbuhan ekonomi."